INSTANCE,SET, MEAN_P1, MEAN_P2, MEAN_C, K, MEAN_D, N, DOM/MINC_CHECKS, DOM/MINC_TIME, DEG/MINC_CHECKS, DEG/MINC_TIME, DOMDEG/MINC_CHECKS, DOMDEG/MINC_TIME, K/MINC_CHECKS, K/MINC_TIME, WDEG/MINC_CHECKS, WDEG/MINC_TIME, DOMWDEG/MINC_CHECKS, DOMWDEG/MINC_TIME, MAXP2/MINC_CHECKS, MAXP2/MINC_TIME, MAXC/MINC_CHECKS, MAXC/MINC_TIME
0000.xml,Hard RB Sat,0.58667,0.30612,0.58401,0.97491,14,25,3631599,5304,1846289,2730,1376950,1950,1033913,1497,2078036,3088,1520417,2121,914803,1357,5758833,8720
0001.xml,Hard RB Sat,0.61667,0.29082,0.61766,0.96358,14,25,1904597,2636,1839490,2683,1343992,1856,1098126,1513,3530600,5023,1715820,2308,9998875,14180,8041150,11528
0002.xml,Hard RB Sat,0.44667,0.36735,0.41104,0.92987,14,25,63264,78,8173,15,57888,93,134887,187,117487,187,60635,93,8054,15,180871,280
0003.xml,Hard RB Sat,0.45333,0.37755,0.44495,0.97727,14,25,1002030,1450,16664,15,138972,218,235112,343,365443,577,134127,202,3512063,5397,19972,31
0004.xml,Hard RB Sat,0.55333,0.31122,0.56736,0.93808,14,25,222861,312,87313,124,524403,733,24759,31,324524,483,300104,421,65121,93,767944,1138
0005.xml,Hard RB Sat,0.33667,0.45408,0.33496,0.9266,14,25,359967,546,194673,327,123456,187,147296,218,496919,826,108388,171,7892262,12932,399074,670
0006.xml,Hard RB Sat,0.55333,0.31633,0.52111,0.95679,14,25,1358083,1825,90655,124,21957,31,13035,31,458639,670,328933,452,2071857,2979,120743,187
0007.xml,Hard RB Sat,0.36,0.43367,0.334,0.93074,14,25,1242246,1856,143047,234,50852,62,13854,31,101972,156,140388,202,3685565,5928,561750,904
0008.xml,Hard RB Sat,0.32,0.4898,0.30165,0.97918,14,25,170910,265,453473,748,381967,592,322368,530,561192,967,424924,670,73045,124,809429,1419
0009.xml,Hard RB Sat,0.13,0.79592,0.10648,0.93943,14,25,14919,15,922,15,940,0,929,0,922,0,940,0,922,15,922,0
0010.xml,Hard RB Sat,0.49,0.34694,0.49116,0.94935,14,25,4453112,6177,1341046,2043,1080195,1560,908314,1326,1485708,2293,1491043,2152,16690258,24913,2040063,3182
0011.xml,Hard RB Sat,0.48667,0.34184,0.47465,0.92567,14,25,192417,265,34199,62,18325,15,18054,31,105190,171,19611,15,27100,46,187192,265
0012.xml,Hard RB Sat,0.64333,0.28061,0.67381,0.96346,14,25,407910,546,492525,686,348980,483,314098,436,578747,795,508671,702,142437,202,3318424,4695
0013.xml,Hard RB Sat,0.61333,0.29592,0.60944,0.97851,14,25,7505343,9999,6794401,9516,5144130,6957,4350039,5974,10859584,15506,5771095,7878,13696803,19624,24446423,34819
0014.xml,Hard RB Sat,0.48,0.36735,0.47114,0.99927,14,25,1984430,2730,130534,187,281369,390,94838,124,137600,218,274296,374,4110882,6037,73029,109
0015.xml,Hard RB Sat,0.5,0.34184,0.50388,0.95103,14,25,173890,234,56104,78,66560,93,29396,46,190704,280,78393,93,1051332,1497,18707,31
0016.xml,Hard RB Sat,0.56,0.31122,0.56748,0.94939,14,25,730040,982,208526,312,231118,327,189633,249,425136,624,233570,312,427243,592,395116,561
0017.xml,Hard RB Sat,0.5,0.34184,0.49835,0.95103,14,25,81849,109,369744,546,131224,187,128574,171,429196,624,129538,187,204981,296,432634,639
0018.xml,Hard RB Sat,0.46,0.36224,0.43358,0.94083,14,25,713480,951,86361,140,144611,202,62683,93,63703,93,66161,93,260549,374,404879,624
0019.xml,Hard RB Sat,0.63333,0.28061,0.62319,0.94848,14,25,2025114,2589,612950,858,16004,15,27373,31,450675,624,32186,31,3210850,4321,2882513,3915
0020.xml,Hard RB Sat,0.4,0.40306,0.40179,0.93841,14,25,841480,1170,316498,483,42309,62,10798,15,225401,343,42856,62,823571,1248,556035,889
0021.xml,Hard RB Sat,0.60667,0.29592,0.60459,0.96787,14,25,1228358,1606,99578,124,493753,655,49869,62,316650,436,550522,733,618055,826,4812689,6692
0022.xml,Hard RB Sat,0.44,0.37245,0.47005,0.93219,14,25,28139,46,46517,62,49642,78,48637,78,49696,62,60788,78,3160122,4711,148705,234
0023.xml,Hard RB Sat,0.37667,0.42857,0.36968,0.95847,14,25,475134,686,1014521,1591,585817,858,518611,764,887386,1404,640856,936,644865,982,1214995,1950
0024.xml,Hard RB Sat,0.52333,0.32653,0.54934,0.9407,14,25,808218,1076,728810,1029,630642,858,528461,717,547296,764,560305,764,1074176,1497,3535518,5054
0025.xml,Hard RB Sat,0.47333,0.36224,0.47219,0.9681,14,25,1667608,2277,197493,296,118754,156,129135,187,297805,436,135226,187,7031401,10218,323455,483
0026.xml,Hard RB Sat,0.66667,0.27041,0.65407,0.9557,14,25,2794349,3541,800716,1092,42754,46,38533,31,2046105,2730,654393,858,19606401,26208,1039215,1435
0027.xml,Hard RB Sat,0.48,0.35204,0.47488,0.94709,14,25,731943,998,438391,639,435630,592,359116,499,648483,936,426531,592,1981887,2839,2891850,4258
0028.xml,Hard RB Sat,0.59667,0.29082,0.6027,0.93233,14,25,735949,951,130404,171,234045,312,269310,343,1599061,2199,986979,1294,924587,1279,43833,62
0029.xml,Hard RB Sat,0.66,0.27551,0.63824,0.96721,14,25,15769335,20170,1357980,1872,918350,1170,428575,577,2292392,3120,882276,1154,26523227,35661,830446,1154
0030.xml,Hard RB Sat,0.52,0.33673,0.54381,0.97081,14,25,130631,171,576574,826,447331,608,363850,499,616789,904,467899,655,491522,670,758796,1123
0031.xml,Hard RB Sat,0.50333,0.34184,0.50958,0.95737,14,25,896127,1232,641473,904,367741,514,453156,639,1012449,1450,365487,499,2744104,3915,4086983,5881
0032.xml,Hard RB Sat,0.53,0.32143,0.53224,0.9345,14,25,14091,15,1509659,2199,949444,1248,798766,1092,1319992,1887,1022341,1357,19043,31,3730464,5335
0033.xml,Hard RB Sat,0.45333,0.36735,0.43989,0.94375,14,25,1234357,1700,207724,312,116973,171,186739,265,85981,124,126196,187,2397538,3510,333776,514
0034.xml,Hard RB Sat,0.50667,0.34184,0.4975,0.96371,14,25,100904,140,380829,561,343482,468,322798,436,257111,390,432807,592,3592275,5101,1878997,2730
0035.xml,Hard RB Sat,0.62333,0.28061,0.64718,0.93351,14,25,1253805,1606,923276,1216,329576,436,269946,358,56325,78,40408,46,136200,187,1002837,1404
0036.xml,Hard RB Sat,0.61333,0.29592,0.60196,0.97851,14,25,15527064,20202,5410785,7410,4005473,5226,3369358,4492,9913824,13665,4247120,5553,15933954,21793,21888686,30685
0037.xml,Hard RB Sat,0.37,0.43367,0.37382,0.9566,14,25,902655,1310,625500,967,489033,733,447307,655,717307,1138,554797,826,2796116,4352,2409032,3884
0038.xml,Hard RB Sat,0.23667,0.58673,0.2961,0.95095,14,25,7080,15,43885,78,39474,62,40851,62,44090,78,37898,62,119726,202,72910,140
0039.xml,Hard RB Sat,0.27,0.53571,0.32632,0.94197,14,25,38260,62,22442,31,30677,46,30668,62,27453,46,31115,46,525829,873,23320,46
0040.xml,Hard RB Sat,0.45333,0.36735,0.46509,0.94375,14,25,1264388,1747,230884,327,142316,202,119497,171,150063,218,135329,187,3798979,5600,432609,655
0041.xml,Hard RB Sat,0.55,0.31122,0.56511,0.93243,14,25,20815,31,23603,31,48334,62,66089,93,537364,764,68730,93,740459,1014,56518,78
0042.xml,Hard RB Sat,0.48333,0.34694,0.48848,0.93643,14,25,215029,296,928182,1326,631943,858,541597,764,682999,982,756717,1045,1576327,2246,3019742,4399
0043.xml,Hard RB Sat,0.39,0.42347,0.39974,0.97664,14,25,175130,265,554456,826,370854,546,369853,561,489745,748,481393,717,3496555,5366,1778830,2776
0044.xml,Hard RB Sat,0.29,0.5051,0.33697,0.92755,14,25,62301,93,53686,93,60312,93,55047,93,58320,93,56195,78,58096,93,114152,202
0045.xml,Hard RB Sat,0.49,0.34184,0.49752,0.93201,14,25,67113,93,606670,873,585360,780,521092,733,703892,1014,627688,858,1370475,1965,768554,1138
0046.xml,Hard RB Sat,0.26,0.55102,0.29979,0.94671,14,25,269123,405,76469,140,90139,140,80938,140,77204,124,89580,156,449826,733,101555,171
0047.xml,Hard RB Sat,0.37667,0.42857,0.40018,0.95847,14,25,13528,31,93363,140,130485,187,89137,140,196513,296,150689,234,727926,1107,601955,951
0048.xml,Hard RB Sat,0.34,0.47449,0.34343,0.99468,14,25,122136,171,68362,109,46261,78,39216,62,52820,78,62220,93,132918,218,63055,109
0049.xml,Hard RB Sat,0.55,0.31633,0.55772,0.95103,14,25,20408,15,1675543,2324,766826,1029,692504,951,1736544,2433,826368,1092,884519,1248,5530476,7784
0050.xml,Hard RB Sat,0.61667,0.29082,0.61543,0.96358,14,25,8532380,11076,621763,842,501003,655,443529,592,126972,171,525566,686,20275059,27658,2379511,3307
0051.xml,Hard RB Sat,0.57333,0.30612,0.57945,0.95275,14,25,18316,31,12759,15,64595,78,71026,109,155489,218,87201,109,200847,280,2871851,4040
0052.xml,Hard RB Sat,0.29,0.5102,0.32787,0.94121,14,25,459226,670,126386,218,113045,171,112626,171,120943,202,137378,202,570232,936,192470,312
0053.xml,Hard RB Sat,0.59,0.29592,0.57721,0.94128,14,25,33535,46,3602343,4945,1685974,2184,1079891,1419,1980672,2698,1433616,1872,1217624,1669,5523832,7628
0054.xml,Hard RB Sat,0.25,0.56633,0.2653,0.94973,14,25,126504,202,104015,171,99211,156,94575,156,168839,280,107937,156,348637,592,396088,670
0055.xml,Hard RB Sat,0.31667,0.47959,0.27235,0.94046,14,25,56462,78,49844,93,27479,31,27597,46,38720,62,32828,62,106632,171,120982,202
0056.xml,Hard RB Sat,0.31333,0.4898,0.351,0.95878,14,25,1033657,1544,92218,156,70501,109,69194,109,71396,109,73917,124,5278674,8626,96295,156
0057.xml,Hard RB Sat,0.40667,0.39796,0.38462,0.93831,14,25,13245,15,128294,187,80578,124,63310,78,94810,156,84450,124,771514,1138,55846,93
0058.xml,Hard RB Sat,0.60333,0.29082,0.58845,0.94275,14,25,7749422,9921,1943852,2636,670019,858,620494,826,3000453,4056,163071,218,11669420,15880,2973729,4040
0059.xml,Hard RB Sat,0.54,0.31633,0.50122,0.93374,14,25,143562,187,3544386,4882,2165308,2839,2000438,2683,4902652,6817,2575066,3385,1048827,1466,13477152,19188
0060.xml,Hard RB Sat,0.58333,0.30102,0.55832,0.94994,14,25,6669752,8642,10975066,14991,6174003,8096,5043785,6661,13734983,18985,6751617,8829,6638802,9126,39422351,55099
0061.xml,Hard RB Sat,0.60333,0.29592,0.61064,0.96255,14,25,1334214,1747,60659,78,19259,31,14952,15,531506,717,24215,31,830710,1154,193459,280
0062.xml,Hard RB Sat,0.59333,0.29592,0.58178,0.9466,14,25,1744068,2277,417300,561,344706,452,292879,390,554973,748,314839,405,552183,748,684055,951
0063.xml,Hard RB Sat,0.46,0.36224,0.4383,0.94083,14,25,303498,421,80391,109,42769,62,67126,93,603797,889,510744,670,932117,1372,96226,140
0064.xml,Hard RB Sat,0.65,0.27041,0.66411,0.93181,14,25,9038011,11559,17873,31,592412,764,326009,405,2207285,2932,645642,826,8174542,10888,404833,530
0065.xml,Hard RB Sat,0.57,0.30612,0.54723,0.94721,14,25,561339,717,3198066,4399,1671521,2199,1506341,2028,2671902,3697,1446647,1918,552951,764,7278233,10155
0066.xml,Hard RB Sat,0.43,0.38265,0.46091,0.94306,14,25,611668,842,291378,436,207026,280,126819,187,229432,343,203408,280,1890936,2823,968245,1497
0067.xml,Hard RB Sat,0.49667,0.34694,0.52796,0.96226,14,25,719308,982,710231,998,461905,639,487924,686,619924,904,481504,686,1186161,1716,1582399,2324
0068.xml,Hard RB Sat,0.56,0.30612,0.57842,0.93059,14,25,1233994,1638,480191,655,370192,499,328675,436,168720,249,365447,483,3348998,4602,721226,1014
0069.xml,Hard RB Sat,0.62667,0.29082,0.63035,0.97921,14,25,9986253,12979,3793179,5116,1871691,2433,1448138,1934,3840462,5226,2054051,2683,14003070,19250,13199819,18236
0070.xml,Hard RB Sat,0.55333,0.32143,0.52987,0.97564,14,25,3136127,4102,425907,608,21679,31,19284,31,832798,1170,22200,31,4035725,5662,338967,483
0071.xml,Hard RB Sat,0.59,0.30102,0.58486,0.96079,14,25,12877456,16816,6146753,8486,5382876,7035,4623445,6240,9269067,12870,5895322,7768,27864413,38376,22262368,30997
0072.xml,Hard RB Sat,0.52333,0.33163,0.49775,0.9588,14,25,2145038,2870,1057973,1482,607319,811,664238,904,1350551,1950,521878,702,3629481,5101,5454541,7940
0073.xml,Hard RB Sat,0.55,0.32143,0.53234,0.96976,14,25,370576,499,167054,218,258461,327,233780,312,439969,624,258142,343,972867,1372,739640,1029
0074.xml,Hard RB Sat,0.37667,0.41837,0.36226,0.92816,14,25,148956,218,47948,78,103832,140,53307,93,60587,78,94316,140,114072,171,148853,249
0075.xml,Hard RB Sat,0.43333,0.38776,0.43824,0.96672,14,25,361574,514,455978,686,219498,312,213569,312,446775,670,222122,312,835269,1263,713445,1092
0076.xml,Hard RB Sat,0.47333,0.35204,0.46179,0.93394,14,25,65679,78,724599,1076,128744,171,83196,124,580584,826,125471,171,1637538,2355,656956,967
0077.xml,Hard RB Sat,0.46,0.36735,0.43345,0.95763,14,25,6649010,9032,1352711,2028,1183122,1606,838730,1185,1777096,2620,1285085,1778,13724111,20155,2653022,3946
0078.xml,Hard RB Sat,0.61,0.28571,0.58524,0.93328,14,25,3203612,4087,347303,468,208554,280,190825,249,33036,46,255849,327,9951998,13478,1245921,1684
0079.xml,Hard RB Sat,0.50667,0.33163,0.49358,0.92826,14,25,311108,405,13176,15,109451,156,94613,124,161237,234,119228,156,72275,109,863135,1248
0080.xml,Hard RB Sat,0.59667,0.29082,0.60894,0.93233,14,25,276230,343,3622654,4960,2750489,3556,2259913,3010,4986298,6786,3372568,4368,1459884,1950,12971532,17893
0081.xml,Hard RB Sat,0.26,0.55102,0.14892,0.94671,14,25,172264,249,44169,78,8993,15,12469,15,10747,15,9385,15,691189,1170,19996,46
0082.xml,Hard RB Sat,0.62333,0.28061,0.64073,0.93351,14,25,301176,390,806387,1076,506685,670,451119,608,116044,156,375167,483,190629,265,571554,780
0083.xml,Hard RB Sat,0.34333,0.45918,0.33252,0.95961,14,25,234726,343,188770,296,181516,265,145340,218,229008,374,164977,249,1034525,1622,251612,421
0084.xml,Hard RB Sat,0.47333,0.36224,0.45286,0.9681,14,25,994088,1372,463787,733,328541,452,310828,452,447378,670,387258,546,3434566,4992,1656804,2511
0085.xml,Hard RB Sat,0.31333,0.4898,0.29126,0.95878,14,25,33819,46,105882,171,116988,171,121119,187,137914,218,108565,156,220178,358,289207,483
0086.xml,Hard RB Sat,0.43,0.39796,0.44939,0.99215,14,25,73989,109,163846,234,171071,249,136777,202,181130,280,147815,218,194093,296,157107,249
0087.xml,Hard RB Sat,0.61333,0.30102,0.60794,0.99879,14,25,7111951,9282,2446079,3307,1753905,2308,1653652,2215,3933718,5460,2174398,2854,14752409,20295,9902989,13852
0088.xml,Hard RB Sat,0.22333,0.61735,0.1894,0.97553,14,25,120584,187,11781,15,15922,31,10011,15,10011,15,11061,15,301068,514,16030,31
0089.xml,Hard RB Sat,0.60667,0.28571,0.6074,0.92818,14,25,3000205,3853,235614,327,285852,374,244064,327,367489,483,391521,514,1632174,2215,77825,109
0090.xml,Hard RB Sat,0.49667,0.34184,0.48001,0.94469,14,25,15633531,21013,727188,1092,126336,171,476937,655,883973,1263,86646,109,2141694,3057,340194,499
0091.xml,Hard RB Sat,0.4,0.40306,0.37584,0.93841,14,25,56842,78,79584,124,36201,46,38404,62,26258,31,22176,31,708797,1092,9375,15
0092.xml,Hard RB Sat,0.26333,0.54082,0.25362,0.93194,14,25,1032562,1560,134682,234,127487,187,115419,187,170681,280,140946,218,4090937,6864,232239,405
0093.xml,Hard RB Sat,0.52667,0.33673,0.52212,0.98326,14,25,1558876,2090,2469471,3650,835931,1138,897155,1248,1956646,2854,973812,1310,1033706,1482,4834720,7082
0094.xml,Hard RB Sat,0.51,0.33163,0.49058,0.93437,14,25,10848799,14367,665490,936,538862,717,443669,624,1236505,1762,900407,1216,20082121,28220,5405103,7753
0095.xml,Hard RB Sat,0.40667,0.39796,0.43764,0.93831,14,25,811411,1123,308998,468,273698,390,240859,358,386421,577,290716,421,2542842,3853,687937,1060
0096.xml,Hard RB Sat,0.57,0.31633,0.56523,0.98561,14,25,318766,421,342383,483,77547,109,28449,46,359816,499,235527,327,441298,608,24640,31
0097.xml,Hard RB Sat,0.62667,0.28061,0.63678,0.9385,14,25,4723233,6052,1731441,2308,976175,1263,918708,1201,1925454,2589,590077,764,19119718,25771,2298396,3088
0098.xml,Hard RB Sat,0.57,0.31122,0.59053,0.96634,14,25,226444,280,3625134,5023,2034604,2714,1763907,2355,4099088,5725,2425952,3213,4162407,5725,6788693,9547
0099.xml,Hard RB Sat,0.43667,0.38776,0.41796,0.97416,14,25,176400,249,427632,655,279942,405,300404,421,571347,873,275909,390,10243,15,757773,1170
composed-25-10-20-0_ext.xml,Composed-25-10-20,0.11355,0.24194,0.4278,0.8076,10,105,59932,62,66118676,60013,55411,46,63977,62,58939,46,55592,46,15368082,10467,83473450,60013
composed-25-10-20-1_ext.xml,Composed-25-10-20,0.11355,0.24194,0.44064,0.8076,10,105,53988,46,12458790,10810,51965,46,51073,46,50809,46,163078,156,49417,31,82358685,60013
composed-25-10-20-2_ext.xml,Composed-25-10-20,0.11355,0.24194,0.46689,0.8076,10,105,5597627,5070,160407,156,507755,468,56835,46,44647,31,58715,62,95944285,60013,83880979,60013
composed-25-10-20-3_ext.xml,Composed-25-10-20,0.11355,0.24194,0.44082,0.8076,10,105,55938399,60013,59329593,60013,14957074,15038,63665,46,194978,171,129024,124,95823315,60013,84428924,60013
composed-25-10-20-4_ext.xml,Composed-25-10-20,0.11355,0.24194,0.45531,0.8076,10,105,57335,46,3752739,3588,56527,46,65545810,60013,55454,46,50292,46,90938354,60013,78638068,60013
composed-25-10-20-5_ext.xml,Composed-25-10-20,0.11355,0.24194,0.4487,0.8076,10,105,58682,46,64830094,60013,47869,31,46969,46,47405,46,46495,46,97510849,60013,75804640,60013
composed-25-10-20-6_ext.xml,Composed-25-10-20,0.11355,0.24194,0.43006,0.8076,10,105,98304,78,4907559,4836,50376,46,48533,46,78969195,60013,54149,46,96502617,60013,79245708,60013
composed-25-10-20-7_ext.xml,Composed-25-10-20,0.11355,0.24194,0.45431,0.8076,10,105,47772,31,62225309,60013,46707,31,46576,46,46162,46,47051,31,98849524,60013,34512,31
composed-25-10-20-8_ext.xml,Composed-25-10-20,0.11355,0.24194,0.45261,0.8076,10,105,52601,46,43898,31,48789,31,50982,46,50656,46,55231,46,94894873,60013,84962922,60013
composed-25-10-20-9_ext.xml,Composed-25-10-20,0.11355,0.24194,0.45575,0.8076,10,105,63348515,60013,65000914,60013,60944892,60013,65898459,60013,49762,31,48211,46,90520,78,79801223,60013
driverlogw-01c-sat_ext.xml,driver,0.08732,0.21848,0.41795,0.84168,2.74648,71,3164,0,1315,0,2320,0,3284,0,1322,0,2325,0,3581,0,1311,0
driverlogw-02c-sat_ext.xml,driver,0.08981,0.22269,0.52602,3.04882,3.85714,301,90713816,60013,7122091,7269,2566692,2043,7182970,6848,2386778,1700,340757,280,6582626,4695,12504253,8626
driverlogw-04c-sat_ext.xml,driver,0.10517,0.22029,0.5306,3.25473,3.77206,272,539125,374,130355,140,787179,608,1174250,951,576897,717,102364,46,60535957,40965,1599752,1872
driverlogw-05c-sat_ext.xml,driver,0.1005,0.22725,0.56374,4.06481,3.87179,351,5456071,5709,100999,93,4356165,3790,11335643,9952,940890,873,477144,296,71578017,60013,3063954,2558
driverlogw-08c-sat_ext.xml,driver,0.11226,0.23844,0.58924,5.52001,3.8799,408,18104877,28111,192260,218,7650269,6754,17443892,17534,134850,218,2187164,1762,88157682,60013,11773575,13369
driverlogw-08cc-sat_ext.xml,driver,0.11226,0.23844,0.58924,5.52001,3.8799,408,18104877,28095,192260,218,7650269,6754,17443892,17565,134850,234,2187164,1809,88202901,60013,11773575,13400
driverlogw-09-sat_ext.xml,driver,0.08272,0.23917,0.58828,6.30723,4.41846,650,61304034,60013,15644030,60013,38743966,60013,26181673,60013,16711519,60013,25796821,60013,31558023,60013,25395919,60013
dsjc-125-1-4-ext.xml,coloring,0.09497,0.25,0.09967,1.22187,4,125,2939924,1996,3978746,1918,70970,93,70970,93,131560,78,68197,93,57565776,40591,69165262,21356
dsjc-125-1-5-ext.xml,coloring,0.09497,0.2,0.09967,0.81635,5,125,67664371,32120,175901830,60013,27138,15,52691,31,35423,31,46272,31,22107652,14539,193072727,60013
geom-30a-3-ext.xml,coloring,0.18621,0.33333,0.66251,0.99649,3,30,981,0,1341,0,1341,0,1341,0,1341,0,1341,0,1341,0,3564,0
geom-30a-4-ext.xml,coloring,0.18621,0.25,0.66251,0.5603,4,30,4120,0,6062,0,6062,15,6062,0,5964,0,5964,0,4084,0,156914,93
geom-30a-5-ext.xml,coloring,0.18621,0.2,0.66251,0.37435,5,30,72476804,60013,5517790,3432,49470,31,48780,31,55821,46,51282,31,67771324,60013,41916650,27471
geom-30a-6-ext.xml,coloring,0.18621,0.16667,0.66251,0.27474,6,30,2765,0,1909,15,2038,0,2119,0,2028,0,2249,0,2343,0,1889,0
geom-40-2-ext.xml,coloring,0.1,0.5,0.56917,1.95,2,40,170,0,182,0,520,0,182,0,182,0,520,0,170,0,182,0
geom-40-3-ext.xml,coloring,0.1,0.33333,0.56917,0.71969,3,40,873,0,15402,15,3069,0,945,0,945,0,3039,0,873,0,29280,15
geom-40-4-ext.xml,coloring,0.1,0.25,0.56917,0.40466,4,40,31280100,14133,99955952,47143,68976,31,4086,0,4000,0,16373,0,742908,343,117311422,60013
geom-40-5-ext.xml,coloring,0.1,0.2,0.56917,0.27036,5,40,65789321,60013,112151938,60013,26877465,10327,114684252,60013,436496,171,600532,265,112084284,60013,72731767,60013
geom-40-6-ext.xml,coloring,0.1,0.16667,0.56917,0.19842,6,40,2722,0,1619,0,1881,0,1785,0,1835,0,2286,0,2431,0,1599,0
le-450-5a-2-ext.xml,coloring,0.05656,0.5,0.1336,12.69778,2,450,11442,0,11440,15,11440,0,11440,0,11440,0,11440,0,11442,15,11440,0
le-450-5a-3-ext.xml,coloring,0.05656,0.33333,0.1336,4.68637,3,450,58104,15,242565,109,63945,46,63936,46,63945,46,63945,31,63231,46,775191,249
le-450-5a-4-ext.xml,coloring,0.05656,0.25,0.1336,2.63503,4,450,1657042,764,54332564,17113,1155736,1154,1155736,1248,1690670,1591,1124348,1248,262924,93,375777426,60013
le-450-5a-5-ext.xml,coloring,0.05656,0.2,0.1336,1.76051,5,450,89968124,60013,348618716,60013,81749045,60013,49105131,51246,108208283,60013,65823319,60013,38272221,60013,368059010,60013
myciel-5g-3-ext.xml,coloring,0.21832,0.33333,0,1.8532,3,47,18816,15,18411,15,14703,0,13905,15,14753,15,14125,15,16110,15,18411,0
myciel-5g-4-ext.xml,coloring,0.21832,0.25,0,1.04201,4,47,2501234,1606,867814,608,1952294,1248,390446,296,757214,546,578627,390,642546,483,880774,592
myciel-5g-5-ext.xml,coloring,0.21832,0.2,0,0.69618,5,47,88492846,60013,90358851,60013,83347377,60013,34249510,23992,88619314,60013,121875114,60013,88428528,60013,91770655,60013
myciel-5g-6-ext.xml,coloring,0.21832,0.16667,0,0.51094,6,47,8144,0,5700,0,6877,15,6255,0,6050,0,6998,15,8589,0,5681,0
queens-5-5-3-ext.xml,coloring,0.53333,0.33333,0.50309,2.36205,3,25,2940,0,3384,15,3384,0,3384,0,3384,0,3384,0,2940,0,5064,15
queens-5-5-4-ext.xml,coloring,0.53333,0.25,0.50309,1.32812,4,25,14876,0,40310,31,15992,0,15992,15,16577,15,16010,15,14898,0,84156,46
queens-5-5-5-ext.xml,coloring,0.53333,0.2,0.50309,0.88734,5,25,3435,0,3540,0,3462,15,3469,0,3607,0,3502,0,3468,15,18471,0
rand-2-30-15-306-230-10_ext.xml,Rand-2-30-15-306-230,0.51264,0.28833,0.50178,0.97091,15,30,18011557,23509,7620544,10764,4069450,5366,1288775,1716,3098504,4352,3580659,4742,5380816,7519,2953376,4212
rand-2-30-15-306-230-11_ext.xml,Rand-2-30-15-306-230,0.52874,0.2824,0.52004,0.96725,15,30,46234369,60013,29816439,41309,21550160,28189,14922707,19983,36539057,50684,20303690,26582,43249715,60013,42755096,60013
rand-2-30-15-306-230-12_ext.xml,Rand-2-30-15-306-230,0.50805,0.28925,0.51125,0.96798,15,30,46488639,60013,29364943,41090,18912463,24616,11981980,15974,32923163,45848,20491373,26847,42956118,60013,42673364,60013
rand-2-30-15-306-230-13_ext.xml,Rand-2-30-15-306-230,0.48736,0.29954,0.48424,0.96829,15,30,18209833,23992,12420082,17456,6445293,8517,3337165,4492,9191309,12994,5895910,7815,14424042,20155,34314825,49436
rand-2-30-15-306-230-14_ext.xml,Rand-2-30-15-306-230,0.48736,0.2991,0.48025,0.96501,15,30,3710969,4836,37215634,51339,17358569,22776,2794639,3712,27581554,38813,13506977,17784,18748767,26442,26449359,38079
rand-2-30-15-306-230-15_ext.xml,Rand-2-30-15-306-230,0.51494,0.2872,0.50745,0.96788,15,30,46325874,60013,28906568,40716,38820130,51121,9800468,13228,31566461,44101,21964944,29062,23662778,32760,42510861,60013
rand-2-30-15-306-230-16_ext.xml,Rand-2-30-15-306-230,0.52414,0.28489,0.51067,0.97073,15,30,46297460,60013,42852883,60013,28135947,36691,19751751,26535,43108460,60013,33579104,44085,43426113,60013,42269571,60013
rand-2-30-15-306-230-17_ext.xml,Rand-2-30-15-306-230,0.50805,0.28959,0.50513,0.9682,15,30,612708,795,305360,436,23241,31,1943844,2589,923117,1310,21991,31,6671701,9344,42791428,60013
rand-2-30-15-306-230-18_ext.xml,Rand-2-30-15-306-230,0.50345,0.2908,0.50844,0.96327,15,30,1713115,2246,1680704,2355,1007614,1341,2650800,3572,1176290,1638,2102602,2808,7236839,10108,3666316,5163
rand-2-30-15-306-230-19_ext.xml,Rand-2-30-15-306-230,0.51264,0.28823,0.50127,0.96444,15,30,24108892,31481,15345495,21216,13049323,17097,9853998,13213,27101222,37845,15168996,20014,42880581,60013,42370878,60013
rand-2-30-15-306-230-1_ext.xml,Rand-2-30-15-306-230,0.51724,0.28774,0.52896,0.97098,15,30,21215509,27799,27575825,38828,12688921,16707,1063257,1419,19641499,27690,13338400,17674,20395862,28438,7788047,11029
rand-2-30-15-306-230-20_ext.xml,Rand-2-30-15-306-230,0.51264,0.28719,0.50926,0.96874,15,30,14700214,18969,19631674,27736,9802627,12760,7856153,10420,28160269,39530,14289060,18798,35359922,49545,42546760,60013
rand-2-30-15-306-230-21_ext.xml,Rand-2-30-15-306-230,0.50115,0.29274,0.48878,0.96673,15,30,19618094,25599,8445550,11762,8100651,10608,5738974,7690,18959173,26613,8211795,10779,19246393,26660,42340871,60013
rand-2-30-15-306-230-22_ext.xml,Rand-2-30-15-306-230,0.51264,0.29052,0.51845,0.97298,15,30,45881172,60013,10844259,15038,6764497,8923,5752782,7722,11593457,16380,7022532,9250,15871673,22058,35926844,51059
rand-2-30-15-306-230-23_ext.xml,Rand-2-30-15-306-230,0.50805,0.29038,0.4809,0.96794,15,30,22708952,29530,1998324,2839,2168145,2823,10284647,13774,134334,187,2267342,3026,6251088,8689,3366388,4851
rand-2-30-15-306-230-24_ext.xml,Rand-2-30-15-306-230,0.47816,0.30368,0.46111,0.96441,15,30,6502087,8564,4829869,6739,1920134,2542,369418,499,2292157,3229,1279712,1700,2576892,3666,22158978,31949
rand-2-30-15-306-230-25_ext.xml,Rand-2-30-15-306-230,0.50345,0.2938,0.50501,0.9685,15,30,19946840,26114,21759107,30030,16480297,21699,5854744,7846,42608505,60013,19724151,26052,43475393,60013,42163490,60013
rand-2-30-15-306-230-26_ext.xml,Rand-2-30-15-306-230,0.51034,0.29021,0.52017,0.96638,15,30,19554319,25490,42219176,60013,16483446,21559,9804690,13072,41134189,57798,18684367,24554,42625912,59155,41964206,60013
rand-2-30-15-306-230-27_ext.xml,Rand-2-30-15-306-230,0.50115,0.29539,0.50611,0.96894,15,30,45693691,60013,32004323,44881,7940719,10452,6063012,8158,19766680,27970,10398002,13806,29050770,40591,41838577,60013
rand-2-30-15-306-230-28_ext.xml,Rand-2-30-15-306-230,0.48736,0.29832,0.48094,0.9659,15,30,1150448,1482,650731,904,944313,1232,451377,639,25381,31,493444,670,13687886,19016,38431215,55364
rand-2-30-15-306-230-29_ext.xml,Rand-2-30-15-306-230,0.51724,0.28577,0.53683,0.96848,15,30,46182949,60013,17647931,24367,20147848,26488,10809980,14461,30241229,42011,19091683,25162,43253582,60013,42749109,60013
rand-2-30-15-306-230-2_ext.xml,Rand-2-30-15-306-230,0.50805,0.28941,0.50223,0.96726,15,30,46223669,60013,24142771,33384,9679291,12651,8711495,11590,23052910,32229,13163925,17300,34010496,47315,42366956,60013
rand-2-30-15-306-230-30_ext.xml,Rand-2-30-15-306-230,0.49655,0.29675,0.50336,0.96679,15,30,18573659,24258,3947113,5522,1967839,2605,2461568,3338,3742200,5272,2435831,3244,92029,124,41499021,59061
rand-2-30-15-306-230-31_ext.xml,Rand-2-30-15-306-230,0.51034,0.29043,0.52974,0.96773,15,30,46067846,60013,19063787,26488,14761689,19453,13146206,17596,33584236,47143,17167828,22588,43634284,60013,42084162,60013
rand-2-30-15-306-230-32_ext.xml,Rand-2-30-15-306-230,0.51034,0.28853,0.51013,0.96165,15,30,19288659,25006,143295,202,1468995,1950,359216,468,35402,46,28326,31,5190981,7238,1772042,2511
rand-2-30-15-306-230-33_ext.xml,Rand-2-30-15-306-230,0.52644,0.28237,0.52408,0.96542,15,30,46394495,60013,43132748,60013,45851503,60013,23610810,31496,42861308,60013,45849948,60013,43673859,60013,42565187,60013
rand-2-30-15-306-230-34_ext.xml,Rand-2-30-15-306-230,0.49885,0.29348,0.4893,0.96946,15,30,4334796,5678,8727713,11949,6450773,8392,4474672,6068,14212971,20014,8658187,11372,6828591,9687,42126358,60013
rand-2-30-15-306-230-35_ext.xml,Rand-2-30-15-306-230,0.52184,0.2846,0.52776,0.96601,15,30,46068258,60013,25004121,34476,12697142,16676,8141534,10842,36841217,51901,12789260,16848,42142831,58453,42319929,60013
rand-2-30-15-306-230-36_ext.xml,Rand-2-30-15-306-230,0.51264,0.28873,0.50504,0.96598,15,30,24266966,31527,10162751,13821,12344452,16130,8881804,11949,20181890,28189,11869963,15568,20671285,28672,42093373,60013
rand-2-30-15-306-230-37_ext.xml,Rand-2-30-15-306-230,0.52414,0.28133,0.51517,0.96629,15,30,115532,124,2103316,2839,1491624,1934,1186897,1606,3455907,4742,2642461,3432,713187,998,18068201,25225
rand-2-30-15-306-230-38_ext.xml,Rand-2-30-15-306-230,0.51264,0.28911,0.49381,0.9672,15,30,3433274,4508,42760467,59623,13836590,18158,861653,1170,35812209,50762,16496770,21824,5864550,8174,8006812,11372
rand-2-30-15-306-230-39_ext.xml,Rand-2-30-15-306-230,0.50805,0.29092,0.53056,0.96683,15,30,9506684,12558,2886858,4040,1989572,2667,459350,624,2550120,3603,2704910,3588,1444453,2043,60024,93
rand-2-30-15-306-230-3_ext.xml,Rand-2-30-15-306-230,0.51264,0.28869,0.52586,0.96989,15,30,45729511,60013,19606610,26847,23315956,30732,6135447,8158,18864573,26442,13883682,18376,32990371,45817,42595609,60013
rand-2-30-15-306-230-40_ext.xml,Rand-2-30-15-306-230,0.51264,0.29014,0.5307,0.96768,15,30,28894108,37892,20747447,29437,20181469,26676,14639630,19780,34608697,49171,19757095,26130,43090276,60013,41887596,60013
rand-2-30-15-306-230-41_ext.xml,Rand-2-30-15-306-230,0.51264,0.28717,0.50059,0.96991,15,30,748727,982,20004797,27674,6765620,8751,4278401,5631,13855472,19359,7342768,9531,42931662,60013,32184695,47486
rand-2-30-15-306-230-42_ext.xml,Rand-2-30-15-306-230,0.49655,0.29685,0.48537,0.96669,15,30,4659205,6099,8878551,12901,8787405,11575,5792000,7753,12992034,18439,8649758,11434,19319283,27300,29946506,44397
rand-2-30-15-306-230-43_ext.xml,Rand-2-30-15-306-230,0.52184,0.2848,0.51579,0.96798,15,30,33137771,43243,19481181,27253,10570656,13743,5803638,7690,19165823,26598,8645002,11278,26261802,36738,42843781,60013
rand-2-30-15-306-230-44_ext.xml,Rand-2-30-15-306-230,0.52644,0.28423,0.52784,0.96846,15,30,45947169,60013,15786515,21871,9939217,13041,8030692,10795,26833301,37502,13668333,18064,43385972,60013,42264936,60013
rand-2-30-15-306-230-45_ext.xml,Rand-2-30-15-306-230,0.51954,0.28663,0.5242,0.96791,15,30,3155721,4149,3852900,5397,1371031,1809,781580,1045,3149287,4477,654505,858,4197946,5756,23393322,32947
rand-2-30-15-306-230-46_ext.xml,Rand-2-30-15-306-230,0.52874,0.28218,0.54,0.9698,15,30,28029997,36426,10272661,14383,3895257,5070,3191708,4227,9435898,13213,4535272,6193,7863874,10888,33427787,47127
rand-2-30-15-306-230-47_ext.xml,Rand-2-30-15-306-230,0.52414,0.28437,0.51349,0.9678,15,30,46613140,60013,9202359,12807,6468766,8486,3759063,5007,13517035,18860,5223054,6832,43534542,60013,33865032,47517
rand-2-30-15-306-230-48_ext.xml,Rand-2-30-15-306-230,0.51264,0.29048,0.51624,0.96895,15,30,24271674,31886,42590664,60013,35320427,46878,3265447,4383,42750630,60013,29344723,39015,13283473,18501,18567864,26301
rand-2-30-15-306-230-49_ext.xml,Rand-2-30-15-306-230,0.51264,0.28869,0.50613,0.96647,15,30,25751400,33446,34181802,46893,25797661,33945,11788182,15724,42864728,60013,22855669,30264,38673579,54038,42198774,60013
rand-2-30-15-306-230-4_ext.xml,Rand-2-30-15-306-230,0.51494,0.28595,0.51552,0.96421,15,30,46209869,60013,7395775,10140,10493695,13712,8016489,10686,15008605,20904,10631422,14086,24112340,33181,42708795,60013
rand-2-30-15-306-230-50_ext.xml,Rand-2-30-15-306-230,0.51724,0.28516,0.51124,0.96529,15,30,15330408,19921,13819739,19125,6844719,8938,4387841,5881,9992767,13946,5357220,7051,9329223,13041,42723292,59826
rand-2-30-15-306-230-5_ext.xml,Rand-2-30-15-306-230,0.50575,0.29125,0.49645,0.96854,15,30,28674245,37050,11184576,15381,8478890,11013,744871,998,16861915,23524,8950063,11715,2273650,3151,12541041,17752
rand-2-30-15-306-230-6_ext.xml,Rand-2-30-15-306-230,0.51264,0.28929,0.53479,0.96811,15,30,22131760,28953,33419689,47127,9669719,12714,6313189,8439,17026771,23914,9809270,12932,43312504,60013,42477989,60013
rand-2-30-15-306-230-7_ext.xml,Rand-2-30-15-306-230,0.51494,0.28746,0.49543,0.96653,15,30,31722349,41043,27194110,37003,14873835,19281,9581149,12682,32766565,45396,16094142,20950,31915025,44429,42882602,60013
rand-2-30-15-306-230-8_ext.xml,Rand-2-30-15-306-230,0.50115,0.29266,0.52284,0.96693,15,30,13254782,17362,10612991,14726,8348869,11060,6820073,9204,12986368,18423,9799158,13041,25053276,35365,38901117,55208
rand-2-30-15-306-230-9_ext.xml,Rand-2-30-15-306-230,0.52184,0.28517,0.50518,0.96599,15,30,22696320,29562,7512543,10420,6506761,8626,100554,140,6856514,9687,4424774,5928,3555736,5007,25473354,36379
qcp-10-67-0_ext.xml,QCP-10,0.18182,0.09133,0.47059,0.56138,7.03,100,68177,171,224447678,60013,136623,93,67439,62,231005325,60013,53246162,21481,126341,93,225332265,60013
qcp-10-67-10_ext.xml,QCP-10,0.18182,0.09133,0.47059,0.56138,7.03,100,72069299,40482,248109813,60013,98660674,60013,88547333,60013,224998229,60013,151313761,60013,106733549,60013,236278961,60013
qcp-10-67-11_ext.xml,QCP-10,0.18182,0.09133,0.47059,0.56138,7.03,100,126634,62,231609085,60013,95596048,60013,97972496,60013,229035593,60013,21324906,7831,118558548,60013,227144877,60013
qcp-10-67-12_ext.xml,QCP-10,0.18182,0.09133,0.47059,0.56138,7.03,100,111007819,60013,239856792,60013,111356299,59514,95295865,60013,235777659,60013,149187609,60013,100321098,60013,237255436,60013
qcp-10-67-13_ext.xml,QCP-10,0.18182,0.09133,0.47059,0.56138,7.03,100,63749,31,240889666,60013,113084505,60013,63749,31,239727694,60013,160381598,60013,113529061,60013,234290196,60013
qcp-10-67-14_ext.xml,QCP-10,0.18182,0.09133,0.47059,0.56138,7.03,100,589287,280,247979504,60013,93426004,51729,68196,46,250915731,60013,1494534,530,112664136,60013,238065953,60013
qcp-10-67-1_ext.xml,QCP-10,0.18182,0.09133,0.47059,0.56138,7.03,100,67910,46,244165603,60013,66592,31,67258,62,238410671,60013,412486,156,58451,31,244606854,60013
qcp-10-67-2_ext.xml,QCP-10,0.18182,0.09133,0.47059,0.56138,7.03,100,68677,46,244620903,60013,464392,280,68646,46,230618962,60013,13163217,4602,82147,46,225723509,60013
qcp-10-67-3_ext.xml,QCP-10,0.18182,0.09133,0.47059,0.56138,7.03,100,67973,46,245768725,60013,65839,31,66142,62,224718269,60013,2325723,858,1552519,904,232521709,60013
qcp-10-67-4_ext.xml,QCP-10,0.18182,0.09133,0.47059,0.56138,7.03,100,67760,46,243797819,60013,66022,31,66418,62,231689729,60013,248078,109,597630,374,233264138,60013
qcp-10-67-5_ext.xml,QCP-10,0.18182,0.09133,0.47059,0.56138,7.03,100,69391,46,239038544,60013,68815,31,67789,62,230741137,60013,517341,218,254075,156,220500306,60013
qcp-10-67-6_ext.xml,QCP-10,0.18182,0.09133,0.47059,0.56138,7.03,100,67188,46,252427760,60013,76864,46,68149,46,228825666,60013,50723222,20342,79118,62,226906481,60013
qcp-10-67-7_ext.xml,QCP-10,0.18182,0.09133,0.47059,0.56138,7.03,100,67107,46,249282390,60013,67323,31,15025398,9079,233235217,60013,1297216,499,175998,109,230553170,60013
qcp-10-67-8_ext.xml,QCP-10,0.18182,0.09133,0.47059,0.56138,7.03,100,204075,124,241741584,60013,68042,46,67374,46,241729426,60013,1630728,639,148391,93,234585535,60013
qcp-10-67-9_ext.xml,QCP-10,0.18182,0.09133,0.47059,0.56138,7.03,100,1290825,811,250146997,60013,183226,109,1968726,1388,239293023,60013,33086874,12292,295875,171,242177697,60013
qcp-15-120-0_ext.xml,QCP-15,0.125,0.05331,0.48148,0.5348,8.46667,225,4851568,2698,327251379,60013,110716438,60013,428851,296,313415685,60013,212691215,60013,232759085,60013,317286216,60013
qcp-15-120-10_ext.xml,QCP-15,0.125,0.05331,0.48148,0.5348,8.46667,225,114723237,60013,316140588,60013,116140714,60013,84352690,60013,306126121,60013,228833684,60013,278851115,60013,328069777,60013
qcp-15-120-11_ext.xml,QCP-15,0.125,0.05331,0.48148,0.5348,8.46667,225,117255173,60013,323008026,60013,112076711,60013,83894159,60013,307714056,60013,229734251,60013,235282124,60013,319001330,60013
qcp-15-120-12_ext.xml,QCP-15,0.125,0.05331,0.48148,0.5348,8.46667,225,120415454,60013,339077238,60013,117939612,60013,88746354,60013,336602542,60013,42076361,10218,234198904,60013,320128987,60013
qcp-15-120-13_ext.xml,QCP-15,0.125,0.05333,0.48148,0.53502,8.46667,225,112222515,60013,327924635,60013,112340010,60013,84518347,60013,305291438,60013,222351558,60013,232496320,60013,303890916,60013
qcp-15-120-14_ext.xml,QCP-15,0.125,0.05331,0.48148,0.5348,8.46667,225,118194537,60013,320818626,60013,117908209,60013,94244330,60013,313786947,60013,25718556,6037,241675463,60013,312037203,60013
qcp-15-120-1_ext.xml,QCP-15,0.125,0.05331,0.48148,0.5348,8.46667,225,8405394,4602,347501379,60013,951140,577,1288175,982,289762925,60013,226696871,60013,216015234,60013,319835137,60013
qcp-15-120-2_ext.xml,QCP-15,0.125,0.05333,0.48148,0.53502,8.46667,225,118231564,60013,331269337,60013,111414706,60013,18986128,13150,308990093,60013,227522200,60013,208664458,60013,327200812,60013
qcp-15-120-3_ext.xml,QCP-15,0.125,0.05333,0.48148,0.53502,8.46667,225,105555024,60013,322049960,60013,44071276,26223,81447005,60013,304778243,60013,226925787,60013,238342873,60013,317675385,60013
qcp-15-120-4_ext.xml,QCP-15,0.125,0.05331,0.48148,0.5348,8.46667,225,107056965,60013,284959392,60013,112635054,60013,81904591,60013,285250548,60013,223160395,60013,222030791,60013,305696212,60013
qcp-15-120-5_ext.xml,QCP-15,0.125,0.05331,0.48148,0.5348,8.46667,225,103506294,60013,314161538,60013,106203727,60013,59950913,43883,310547117,60013,230722459,60013,263901411,60013,326437372,60013
qcp-15-120-6_ext.xml,QCP-15,0.125,0.05331,0.48148,0.5348,8.46667,225,109403914,60013,344417867,60013,14942554,8548,1451323,1076,288330465,60013,219847383,60013,210494379,60013,291180484,60013
qcp-15-120-7_ext.xml,QCP-15,0.125,0.05333,0.48148,0.53502,8.46667,225,25673553,14601,313585102,60013,395021,249,954876,717,292910965,60013,215325608,60013,190583503,60013,311822340,60013
qcp-15-120-8_ext.xml,QCP-15,0.125,0.05331,0.48148,0.5348,8.46667,225,110410729,60013,309407799,60013,101151137,58843,83475967,60013,302823076,60013,237989300,60013,262667114,60013,318765248,60013
qcp-15-120-9_ext.xml,QCP-15,0.125,0.05331,0.48148,0.5348,8.46667,225,121409772,60013,347058475,60013,114059425,60013,85646334,60013,312498870,60013,217738877,60013,253778305,60013,324997186,60013
rand-2-30-15-306-230-fcd-10_ext.xml,Rand-2-30-15-306-230-fcd,0.51264,0.28839,0.50178,0.97034,15,30,19378907,25053,37875329,53087,18082553,23758,5474209,7254,26983139,37752,15263036,20030,30109174,41589,42313053,60013
rand-2-30-15-306-230-fcd-11_ext.xml,Rand-2-30-15-306-230-fcd,0.52874,0.28236,0.52004,0.96722,15,30,21126544,27471,90328,140,177780,218,40708,46,446589,624,260131,343,570719,795,768957,1092
rand-2-30-15-306-230-fcd-12_ext.xml,Rand-2-30-15-306-230-fcd,0.50805,0.28939,0.51125,0.96851,15,30,12098483,15662,783348,1107,79295,109,705884,967,1211133,1700,93160,124,19480681,27502,4163876,5928
rand-2-30-15-306-230-fcd-13_ext.xml,Rand-2-30-15-306-230-fcd,0.48736,0.29811,0.48424,0.96071,15,30,15701192,20638,2058348,2886,631890,842,985132,1310,1620673,2308,1123849,1497,7393445,10342,12157109,17643
rand-2-30-15-306-230-fcd-14_ext.xml,Rand-2-30-15-306-230-fcd,0.48736,0.29948,0.48025,0.96708,15,30,6538975,8689,52415,78,1047603,1388,398323,592,1013650,1528,935647,1294,8613675,12261,3030661,4368
rand-2-30-15-306-230-fcd-15_ext.xml,Rand-2-30-15-306-230-fcd,0.51494,0.28722,0.50745,0.96886,15,30,24344,31,2635425,3744,1993835,2714,36153,46,2347651,3338,1736009,2371,2344273,3244,1614085,2293
rand-2-30-15-306-230-fcd-16_ext.xml,Rand-2-30-15-306-230-fcd,0.52414,0.28388,0.51067,0.96541,15,30,9641565,12495,43414535,60013,14861049,18954,6040477,7909,39041505,53617,23591433,30544,44010179,60013,42948898,60013
rand-2-30-15-306-230-fcd-17_ext.xml,Rand-2-30-15-306-230-fcd,0.50805,0.28959,0.50513,0.96834,15,30,24282729,30747,5474038,7425,3761450,4820,332749,436,7119821,9765,3887227,4976,12096173,16442,6100283,8408
rand-2-30-15-306-230-fcd-18_ext.xml,Rand-2-30-15-306-230-fcd,0.50345,0.29139,0.50844,0.96681,15,30,3407930,4368,1374114,1918,1091238,1388,758540,998,2894222,3978,1704246,2230,2983950,4149,4462096,6162
rand-2-30-15-306-230-fcd-19_ext.xml,Rand-2-30-15-306-230-fcd,0.51264,0.28859,0.50127,0.96417,15,30,718020,936,3994303,5428,3797212,4882,2822993,3712,4672103,6396,3838677,4976,15507001,21309,11439191,15880
rand-2-30-15-306-230-fcd-1_ext.xml,Rand-2-30-15-306-230-fcd,0.51724,0.28721,0.52896,0.96798,15,30,16760106,21496,6767993,9484,3277381,4243,419661,561,4701627,6536,2862883,3744,20287554,27736,6915737,9781
rand-2-30-15-306-230-fcd-20_ext.xml,Rand-2-30-15-306-230-fcd,0.51264,0.28743,0.50926,0.96868,15,30,1665792,2074,5014450,6910,2242909,2839,1435410,1872,4202714,5756,2797938,3634,1360351,1840,8435071,11684
rand-2-30-15-306-230-fcd-21_ext.xml,Rand-2-30-15-306-230-fcd,0.50115,0.29388,0.48878,0.97256,15,30,468709,608,6109462,8361,4773087,6162,127313,171,13253662,18392,7393743,9453,29791010,41215,10560183,14913
rand-2-30-15-306-230-fcd-22_ext.xml,Rand-2-30-15-306-230-fcd,0.51264,0.28919,0.51845,0.96679,15,30,46701776,60013,609764,842,125960,171,1998656,2605,420543,577,340260,452,7820542,10608,15222546,21231
rand-2-30-15-306-230-fcd-23_ext.xml,Rand-2-30-15-306-230-fcd,0.50805,0.29052,0.4809,0.96862,15,30,1531240,1965,37529,62,616996,780,292892,390,246186,358,802508,1045,5682448,7784,4493710,6380
rand-2-30-15-306-230-fcd-24_ext.xml,Rand-2-30-15-306-230-fcd,0.47816,0.30385,0.46111,0.96676,15,30,171609,218,16044150,21918,5416869,6942,3462205,4555,15528474,21372,7526156,9703,29996536,42042,33490907,47221
rand-2-30-15-306-230-fcd-25_ext.xml,Rand-2-30-15-306-230-fcd,0.50345,0.2955,0.50501,0.97643,15,30,16660661,21216,2140288,2932,1886960,2464,300120,390,21106,15,21348,31,26031899,35396,15634549,21699
rand-2-30-15-306-230-fcd-26_ext.xml,Rand-2-30-15-306-230-fcd,0.51034,0.29063,0.52017,0.96792,15,30,21366220,27190,4996092,6973,1585231,2059,1525743,2012,867926,1201,1509612,1965,9312315,12792,11430385,16052
rand-2-30-15-306-230-fcd-27_ext.xml,Rand-2-30-15-306-230-fcd,0.50115,0.29568,0.50611,0.96989,15,30,20789944,26754,15618590,21294,3577881,4617,1969104,2605,6435140,8938,4514321,5818,1058668,1482,42713934,60013
rand-2-30-15-306-230-fcd-28_ext.xml,Rand-2-30-15-306-230-fcd,0.48736,0.2991,0.48094,0.97072,15,30,6672733,8486,4772707,6552,5057781,6474,234236,312,4973464,6895,4117327,5335,503132,702,20637992,29499
rand-2-30-15-306-230-fcd-29_ext.xml,Rand-2-30-15-306-230-fcd,0.51724,0.28545,0.53683,0.96706,15,30,6058583,7753,479678,655,772925,998,129361,171,320159,436,1384787,1778,36922576,50216,3936736,5444
rand-2-30-15-306-230-fcd-2_ext.xml,Rand-2-30-15-306-230-fcd,0.50805,0.28937,0.50223,0.96591,15,30,14751788,18704,4045163,5553,1446671,1872,1818977,2371,4213446,5787,2099366,2714,6735431,9188,25815147,35958
rand-2-30-15-306-230-fcd-30_ext.xml,Rand-2-30-15-306-230-fcd,0.49655,0.29708,0.50336,0.96874,15,30,7220230,9219,9309383,12963,4097821,5288,26402,46,8577898,11840,4273013,5538,7300269,10030,104139,156
rand-2-30-15-306-230-fcd-31_ext.xml,Rand-2-30-15-306-230-fcd,0.51034,0.29033,0.52974,0.96654,15,30,31400894,40107,3059402,4149,3902344,5007,19485,31,4249059,5803,3471839,4524,5221825,7082,32804617,46379
rand-2-30-15-306-230-fcd-32_ext.xml,Rand-2-30-15-306-230-fcd,0.51034,0.28979,0.51013,0.96889,15,30,26779944,33930,278796,390,2588023,3354,6131002,8112,1287868,1794,1344017,1747,7496457,10342,3977921,5491
rand-2-30-15-306-230-fcd-33_ext.xml,Rand-2-30-15-306-230-fcd,0.52644,0.28279,0.52408,0.96759,15,30,91639,124,7859321,10935,4670192,5990,61019,93,7801833,10810,4438562,5725,289231,405,2111948,2964
rand-2-30-15-306-230-fcd-34_ext.xml,Rand-2-30-15-306-230-fcd,0.49885,0.29372,0.4893,0.97007,15,30,1254824,1622,888973,1216,32479,46,299897,405,750244,1029,43803,62,224918,312,1810992,2558
rand-2-30-15-306-230-fcd-35_ext.xml,Rand-2-30-15-306-230-fcd,0.52184,0.28482,0.52776,0.96685,15,30,2427391,3104,13937859,18860,7365922,9531,4461298,5865,20536260,28423,7562299,9734,27986589,38033,42897004,60013
rand-2-30-15-306-230-fcd-36_ext.xml,Rand-2-30-15-306-230-fcd,0.51264,0.28847,0.50504,0.96575,15,30,6007984,7644,899867,1216,217190,280,601186,795,2186655,2995,952501,1232,2647831,3619,8306710,11512
rand-2-30-15-306-230-fcd-37_ext.xml,Rand-2-30-15-306-230-fcd,0.52414,0.28162,0.51517,0.96859,15,30,740411,936,669519,889,490704,624,1125543,1482,1119355,1528,525812,686,21305,31,22908854,31621
rand-2-30-15-306-230-fcd-38_ext.xml,Rand-2-30-15-306-230-fcd,0.51264,0.28863,0.49381,0.96422,15,30,47149596,60013,41342267,56004,11791659,15054,2284297,3010,31828967,44210,12995747,16801,43877373,59451,12638224,17612
rand-2-30-15-306-230-fcd-39_ext.xml,Rand-2-30-15-306-230-fcd,0.50805,0.29102,0.53056,0.96724,15,30,5233799,6754,2189935,3010,2332530,3057,1160551,1544,2909655,3993,2083550,2730,43723046,60013,6231320,8736
rand-2-30-15-306-230-fcd-3_ext.xml,Rand-2-30-15-306-230-fcd,0.51264,0.28951,0.52586,0.97356,15,30,20547242,26114,1065420,1435,1857858,2402,3438770,4508,159980,218,145220,187,25378470,34679,11273244,15615
rand-2-30-15-306-230-fcd-40_ext.xml,Rand-2-30-15-306-230-fcd,0.51264,0.29012,0.5307,0.96742,15,30,4876156,6255,959162,1341,488555,639,414429,546,454496,639,278171,374,8684162,11684,1036224,1435
rand-2-30-15-306-230-fcd-41_ext.xml,Rand-2-30-15-306-230-fcd,0.51264,0.28692,0.50059,0.9685,15,30,27523463,34757,52969,78,208336,265,339364,436,1943235,2652,417527,546,21111000,28610,231235,327
rand-2-30-15-306-230-fcd-42_ext.xml,Rand-2-30-15-306-230-fcd,0.49655,0.29745,0.48537,0.97001,15,30,4329086,5538,4920767,7004,4286876,5506,808362,1076,8570410,11887,4166249,5397,6188634,8626,26782,46
rand-2-30-15-306-230-fcd-43_ext.xml,Rand-2-30-15-306-230-fcd,0.52184,0.28456,0.51579,0.9665,15,30,6803473,8658,16265799,22323,6477041,8252,4188013,5491,14835578,20280,6391703,8127,13556164,18454,37210392,51324
rand-2-30-15-306-230-fcd-44_ext.xml,Rand-2-30-15-306-230-fcd,0.52644,0.28369,0.52784,0.96564,15,30,15769695,20124,77938,109,101672,140,267790,358,2373541,3322,40494,62,4094151,5538,250052,343
rand-2-30-15-306-230-fcd-45_ext.xml,Rand-2-30-15-306-230-fcd,0.51954,0.2871,0.5242,0.96966,15,30,19638478,25272,33627,46,20289,15,2688313,3541,19075,31,22736,31,8003676,10732,43156188,60013
rand-2-30-15-306-230-fcd-46_ext.xml,Rand-2-30-15-306-230-fcd,0.52874,0.28068,0.54,0.96195,15,30,1666539,2106,78979,109,231838,312,353996,452,401692,561,315601,405,10067163,13525,19159,31
rand-2-30-15-306-230-fcd-47_ext.xml,Rand-2-30-15-306-230-fcd,0.52414,0.28485,0.51349,0.96967,15,30,315345,405,1072868,1482,2031913,2574,1367034,1778,722970,982,1700355,2215,12354753,16848,8482050,11887
rand-2-30-15-306-230-fcd-48_ext.xml,Rand-2-30-15-306-230-fcd,0.51264,0.29018,0.51624,0.96808,15,30,14377999,18376,3824214,5304,5785620,7534,55415,78,8258628,11419,3001114,3946,4630396,6349,14378150,20061
rand-2-30-15-306-230-fcd-49_ext.xml,Rand-2-30-15-306-230-fcd,0.51264,0.28901,0.50613,0.96776,15,30,5612434,7160,5747536,7706,5238105,6739,2308749,3088,9014790,12433,5953556,7659,7798422,10842,24411770,34211
rand-2-30-15-306-230-fcd-4_ext.xml,Rand-2-30-15-306-230-fcd,0.51494,0.2853,0.51552,0.96188,15,30,6727426,8517,35418,31,3417821,4368,24102,31,189862,249,32073,46,1412695,1903,955757,1310
rand-2-30-15-306-230-fcd-50_ext.xml,Rand-2-30-15-306-230-fcd,0.51724,0.28608,0.51124,0.97073,15,30,2159985,2761,201786,280,392084,514,80058,93,535669,748,20927,31,84468,124,875482,1170
rand-2-30-15-306-230-fcd-5_ext.xml,Rand-2-30-15-306-230-fcd,0.50575,0.29075,0.49645,0.96702,15,30,10076104,12760,20488145,27736,13061289,16629,2541197,3354,24042236,32994,13835983,17674,16404216,22432,43411099,60013
rand-2-30-15-306-230-fcd-6_ext.xml,Rand-2-30-15-306-230-fcd,0.51264,0.28867,0.53479,0.96528,15,30,2921714,3728,15907157,21886,3157157,4071,4072296,5397,5448446,7550,3590046,4648,19704453,27128,43288547,60013
rand-2-30-15-306-230-fcd-7_ext.xml,Rand-2-30-15-306-230-fcd,0.51494,0.28778,0.49543,0.96858,15,30,23718363,30014,6426455,8580,3288182,4180,2291518,2979,12440469,16941,4732157,6037,4480145,6146,29976703,41527
rand-2-30-15-306-230-fcd-8_ext.xml,Rand-2-30-15-306-230-fcd,0.50115,0.29256,0.52284,0.96595,15,30,1499757,1918,127705,187,733411,967,21935,15,49232,78,592783,780,28209377,39249,120501,171
rand-2-30-15-306-230-fcd-9_ext.xml,Rand-2-30-15-306-230-fcd,0.52184,0.28554,0.50518,0.96787,15,30,15269044,19328,14413495,19593,17598731,22807,5032618,6661,21589762,30030,12797593,16723,13516841,18735,13787860,19297
